{"stats":{"minecraft:picked_up":{"minecraft:bone":1,"minecraft:chicken":1,"minecraft:feather":3,"minecraft:rotten_flesh":4,"minecraft:leather":2,"minecraft:beef":1,"minecraft:porkchop":7,"pointblank:gunmetal_nugget":4,"alexsmobs:maggot":2,"minecraft:mutton":9,"minecraft:white_wool":8},"minecraft:custom":{"minecraft:time_since_rest":12920,"minecraft:crouch_one_cm":820,"minecraft:sprint_one_cm":41996,"minecraft:play_time":12920,"minecraft:damage_taken":10,"minecraft:walk_one_cm":60061,"minecraft:sneak_time":198,"minecraft:walk_under_water_one_cm":4548,"minecraft:mob_kills":35,"minecraft:jump":295,"minecraft:leave_game":1,"minecraft:walk_on_water_one_cm":594,"minecraft:time_since_death":12920,"minecraft:total_world_time":12920,"minecraft:swim_one_cm":3133,"minecraft:fall_one_cm":1705,"minecraft:fly_one_cm":136325},"minecraft:used":{"minecraft:flint_and_steel":1,"minecraft:bread":1,"alexsmobs:animal_dictionary":1,"marbledsarsenal:police_baton":1,"minecraft:obsidian":16},"minecraft:mined":{"projectvibrantjourneys:short_grass":1},"minecraft:killed":{"minecraft:horse":1,"alexsmobs:gelada_monkey":2,"alexsmobs:seal":5,"minecraft:sheep":9,"alexsmobs:fly":3,"alexsmobs:crow":1,"minecraft:zombie":5,"minecraft:pig":4,"minecraft:chicken":1,"alexsmobs:gazelle":2,"minecraft:cow":2}},"DataVersion":3465}