{"stats":{"minecraft:killed":{"minecraft:sheep":9,"minecraft:zombie":3,"minecraft:pig":5,"minecraft:chicken":1,"minecraft:drowned":3,"alexsmobs:fly":1,"minecraft:glow_squid":1,"minecraft:turtle":1,"alexsmobs:kangaroo":1,"minecraft:cow":5},"minecraft:picked_up":{"minecraft:seagrass":1,"minecraft:cocoa_beans":4,"minecraft:stick":1,"minecraft:feather":1,"minecraft:chicken":1,"minecraft:jungle_log":14,"minecraft:leather":9,"minecraft:acacia_log":9,"minecraft:porkchop":12,"pointblank:gunmetal_nugget":1,"minecraft:gunpowder":1,"minecraft:dirt":13,"alexsmobs:kangaroo_hide":1,"minecraft:rotten_flesh":5,"minecraft:beef":9,"minecraft:gray_wool":1,"minecraft:acacia_sapling":2,"minecraft:black_wool":3,"minecraft:mutton":12,"minecraft:coal":15,"minecraft:white_wool":6,"minecraft:cobblestone":23},"minecraft:mined":{"minecraft:acacia_log":9,"minecraft:grass":2,"minecraft:coal_ore":15,"minecraft:grass_block":3,"minecraft:vine":1,"minecraft:cocoa":1,"projectvibrantjourneys:short_grass":2,"minecraft:jungle_log":14,"minecraft:dirt":10,"minecraft:tall_grass":1,"projectvibrantjourneys:seashells":1,"minecraft:stone":23,"minecraft:white_wool":1},"minecraft:crafted":{"minecraft:charcoal":8,"minecraft:crafting_table":1,"minecraft:stick":8,"minecraft:wooden_pickaxe":1,"minecraft:furnace":1,"minecraft:stone_axe":1,"minecraft:air":0,"minecraft:jungle_planks":56},"minecraft:used":{"minecraft:bread":6,"minecraft:wooden_pickaxe":42,"marbledsarsenal:police_baton":51,"minecraft:torch":21,"minecraft:stone_axe":9,"minecraft:white_wool":1,"minecraft:dirt":4,"minecraft:crafting_table":1,"minecraft:furnace":1},"minecraft:custom":{"minecraft:time_since_rest":38704,"minecraft:interact_with_furnace":2,"minecraft:sprint_one_cm":66321,"minecraft:damage_taken":236,"minecraft:walk_one_cm":64898,"minecraft:mob_kills":30,"minecraft:damage_dealt":1616,"minecraft:swim_one_cm":8843,"minecraft:interact_with_crafting_table":6,"minecraft:fly_one_cm":140184,"minecraft:crouch_one_cm":554,"minecraft:play_time":38704,"minecraft:sneak_time":371,"minecraft:walk_under_water_one_cm":9592,"minecraft:damage_dealt_resisted":80,"minecraft:jump":361,"minecraft:leave_game":1,"minecraft:time_since_death":38704,"minecraft:walk_on_water_one_cm":10293,"minecraft:total_world_time":38704,"minecraft:climb_one_cm":52,"minecraft:fall_one_cm":10609}},"DataVersion":3465}