{"stats":{"minecraft:custom":{"minecraft:time_since_rest":155990,"minecraft:interact_with_furnace":1,"minecraft:sprint_one_cm":200482,"minecraft:damage_taken":501,"minecraft:walk_one_cm":179206,"minecraft:damage_blocked_by_shield":113,"minecraft:mob_kills":20,"minecraft:damage_dealt":4406,"minecraft:swim_one_cm":35722,"minecraft:fly_one_cm":724249,"minecraft:open_barrel":3,"minecraft:open_chest":49,"minecraft:crouch_one_cm":83,"minecraft:play_time":155990,"minecraft:sneak_time":160,"minecraft:walk_under_water_one_cm":18820,"minecraft:jump":541,"minecraft:interact_with_brewingstand":1,"minecraft:leave_game":7,"minecraft:time_since_death":155990,"minecraft:walk_on_water_one_cm":12481,"minecraft:climb_one_cm":19318,"minecraft:interact_with_smoker":9,"minecraft:total_world_time":155990,"minecraft:fall_one_cm":5023},"minecraft:mined":{"minecraft:podzol":17,"minecraft:tall_seagrass":1,"minecraft:coarse_dirt":5,"projectvibrantjourneys:dead_fallen_leaves":1,"minecraft:ice":1,"projectvibrantjourneys:twigs":2,"minecraft:dirt":10,"minecraft:spruce_leaves":1},"minecraft:used":{"farmersdelight:iron_knife":80,"minecraft:apple":3,"table_top_craft:chess_piece_figure":6,"minecraft:bread":11,"minecraft:verdant_froglight":101,"mutantmonsters:endersoul_hand":2,"minecraft:shield":2,"minecraft:torch":248,"minecraft:golden_apple":7,"minecraft:wooden_sword":13,"minecraft:dirt":8,"minecraft:beef":1,"alexsmobs:animal_dictionary":3,"minecraft:egg":11,"minecraft:potato":6,"minecraft:coarse_dirt":4},"minecraft:picked_up":{"minecraft:coarse_dirt":5,"minecraft:stick":2,"table_top_craft:chess_piece_figure":3,"minecraft:leather":4,"minecraft:torch":28,"minecraft:enchanted_book":1,"pointblank:gunmetal_nugget":13,"minecraft:gunpowder":5,"projectvibrantjourneys:dead_fallen_leaves":1,"minecraft:cornflower":1,"minecraft:string":2,"minecraft:dirt":22,"minecraft:leather_helmet":1,"minecraft:blue_orchid":3,"minecraft:purple_carpet":1,"minecraft:arrow":12,"minecraft:pumpkin_seeds":4,"minecraft:bone":13,"minecraft:rotten_flesh":20,"minecraft:bucket":1,"minecraft:beef":3,"minecraft:egg":1},"minecraft:killed":{"zombie_more:cursed_zombie":1,"minecraft:skeleton":12,"zombie_more:tank_zombie":1,"minecraft:zombie":1,"alexsmobs:terrapin":1,"alexsmobs:skunk":2,"minecraft:cow":2}},"DataVersion":3465}