{"stats":{"minecraft:used":{"marbledsarsenal:police_baton":4},"minecraft:killed":{"minecraft:zombie":4,"minecraft:chicken":1},"minecraft:killed_by":{"hordes:zombie_player":2,"minecraft:zombie":1},"minecraft:picked_up":{"minecraft:bone":1,"minecraft:rotten_flesh":3,"minecraft:slime_ball":1,"minecraft:gunpowder":1,"minecraft:string":1},"minecraft:custom":{"minecraft:time_since_rest":4584,"minecraft:crouch_one_cm":78,"minecraft:play_time":5784,"minecraft:sprint_one_cm":2478,"minecraft:walk_one_cm":15645,"minecraft:damage_taken":878,"minecraft:deaths":3,"minecraft:sneak_time":2,"minecraft:mob_kills":5,"minecraft:damage_dealt_resisted":140,"minecraft:jump":17,"minecraft:damage_dealt":72,"minecraft:time_since_death":0,"minecraft:total_world_time":5784,"minecraft:fall_one_cm":418,"minecraft:fly_one_cm":3896},"minecraft:mined":{"projectvibrantjourneys:short_grass":3}},"DataVersion":3465}