{"stats":{"minecraft:picked_up":{"minecraft:feather":3,"minecraft:chicken":1,"minecraft:leather":2,"minecraft:porkchop":7,"pointblank:gunmetal_nugget":4,"minecraft:rotten_flesh":4,"minecraft:bone":1,"minecraft:beef":1,"alexsmobs:maggot":2,"minecraft:mutton":9,"minecraft:white_wool":8},"minecraft:custom":{"minecraft:time_since_rest":38659,"minecraft:sprint_one_cm":47115,"minecraft:damage_taken":10,"minecraft:walk_one_cm":81196,"minecraft:mob_kills":64,"minecraft:swim_one_cm":39427,"minecraft:fly_one_cm":573892,"minecraft:crouch_one_cm":843,"minecraft:play_time":38659,"minecraft:sneak_time":296,"minecraft:walk_under_water_one_cm":28259,"minecraft:jump":345,"minecraft:leave_game":2,"minecraft:time_since_death":38659,"minecraft:walk_on_water_one_cm":1053,"minecraft:total_world_time":38659,"minecraft:climb_one_cm":74,"minecraft:fall_one_cm":1705},"minecraft:used":{"minecraft:flint_and_steel":1,"minecraft:bread":1,"marbledsarsenal:police_baton":1,"alexsmobs:animal_dictionary":1,"minecraft:obsidian":16},"minecraft:mined":{"projectvibrantjourneys:short_grass":1},"minecraft:killed":{"minecraft:sheep":9,"minecraft:horse":1,"alexsmobs:gelada_monkey":6,"minecraft:zombie":9,"minecraft:pig":7,"minecraft:bee":1,"minecraft:chicken":1,"alexsmobs:gazelle":5,"alexsmobs:raccoon":1,"alexsmobs:seal":5,"minecraft:drowned":1,"alexsmobs:fly":5,"alexsmobs:crow":1,"alexsmobs:komodo_dragon":2,"minecraft:tropical_fish":1,"alexsmobs:rhinoceros":2,"alexsmobs:kangaroo":3,"minecraft:cow":4}},"DataVersion":3465}