{"stats":{"minecraft:picked_up":{"minecraft:chicken":1,"minecraft:feather":2,"minecraft:rotten_flesh":2,"pointblank:gunmetal_nugget":2,"minecraft:mutton":9,"minecraft:white_wool":8},"minecraft:custom":{"minecraft:time_since_rest":6920,"minecraft:crouch_one_cm":543,"minecraft:sprint_one_cm":30155,"minecraft:play_time":6920,"minecraft:damage_taken":10,"minecraft:walk_one_cm":33433,"minecraft:sneak_time":142,"minecraft:walk_under_water_one_cm":4548,"minecraft:mob_kills":14,"minecraft:jump":187,"minecraft:leave_game":1,"minecraft:walk_on_water_one_cm":594,"minecraft:time_since_death":6920,"minecraft:total_world_time":6920,"minecraft:swim_one_cm":3133,"minecraft:fall_one_cm":1705,"minecraft:fly_one_cm":40760},"minecraft:used":{"minecraft:flint_and_steel":1,"minecraft:bread":1,"alexsmobs:animal_dictionary":1,"marbledsarsenal:police_baton":1,"minecraft:obsidian":16},"minecraft:mined":{"projectvibrantjourneys:short_grass":1},"minecraft:killed":{"minecraft:sheep":9,"minecraft:zombie":3,"minecraft:chicken":1,"alexsmobs:gazelle":1}},"DataVersion":3465}