{"stats":{"minecraft:custom":{"minecraft:jump":88,"minecraft:time_since_rest":5434,"minecraft:leave_game":3,"minecraft:play_time":5434,"minecraft:sprint_one_cm":6387,"minecraft:damage_taken":138,"minecraft:time_since_death":5434,"minecraft:walk_one_cm":8734,"minecraft:total_world_time":5434,"minecraft:mob_kills":2,"minecraft:fall_one_cm":3583,"minecraft:fly_one_cm":6305},"minecraft:used":{"minecraft:bread":1},"minecraft:picked_up":{"minecraft:leather":3},"minecraft:killed":{"minecraft:llama":2}},"DataVersion":3465}