{"stats":{"minecraft:custom":{"minecraft:interact_with_furnace":2,"minecraft:mob_kills":34,"minecraft:interact_with_crafting_table":6,"minecraft:damage_dealt_resisted":120,"minecraft:leave_game":2,"minecraft:time_since_death":28374,"minecraft:climb_one_cm":52,"minecraft:time_since_rest":28452,"minecraft:sprint_one_cm":88868,"minecraft:damage_taken":498,"minecraft:walk_one_cm":119239,"minecraft:damage_dealt":2111,"minecraft:swim_one_cm":13931,"minecraft:talked_to_villager":2,"minecraft:fly_one_cm":557747,"minecraft:open_chest":2,"minecraft:crouch_one_cm":665,"minecraft:play_time":70923,"minecraft:deaths":1,"minecraft:sneak_time":591,"minecraft:walk_under_water_one_cm":17172,"minecraft:jump":470,"minecraft:interact_with_blast_furnace":1,"minecraft:walk_on_water_one_cm":11136,"minecraft:total_world_time":70923,"minecraft:fall_one_cm":11503},"minecraft:mined":{"minecraft:acacia_log":9,"minecraft:grass_block":3,"minecraft:jungle_log":14,"minecraft:tall_grass":2,"minecraft:grass":2,"minecraft:coal_ore":15,"projectvibrantjourneys:short_grass":2,"minecraft:cocoa":1,"minecraft:vine":1,"minecraft:dirt":10,"projectvibrantjourneys:seashells":1,"minecraft:stone":23,"minecraft:white_wool":1},"minecraft:killed":{"minecraft:pig":5,"alexsmobs:seal":1,"minecraft:sheep":10,"minecraft:zombie":5,"minecraft:chicken":1,"minecraft:drowned":3,"alexsmobs:fly":1,"minecraft:glow_squid":1,"minecraft:turtle":1,"alexsmobs:kangaroo":1,"minecraft:cow":5},"minecraft:used":{"alexsmobs:spawn_egg_underminer":1,"farmersdelight:iron_knife":9,"zombie_more:boomer_zombie_spawn_egg":1,"dweller_dweller:dweller_dweller_spawn_egg":1,"alexsmobs:spawn_egg_comb_jelly":2,"minecraft:wooden_pickaxe":42,"minecraft:zombie_spawn_egg":1,"mutantmonsters:mutant_skeleton_spawn_egg":1,"alexsmobs:spawn_egg_anaconda":1,"alexsmobs:spawn_egg_laviathan":2,"minecraft:white_wool":1,"alexsmobs:spawn_egg_jerboa":1,"minecraft:torch":30,"alexsmobs:spawn_egg_skreecher":2,"minecraft:dirt":4,"zombie_more:explosive_zombie_spawn_egg":1,"alexsmobs:spawn_egg_gelada_monkey":1,"minecraft:crafting_table":1,"zombie_more:tank_zombie_spawn_egg":3,"minecraft:lingering_potion":11,"alexsmobs:spawn_egg_blue_jay":2,"mutantmonsters:mutant_creeper_spawn_egg":1,"mutantmonsters:spider_pig_spawn_egg":1,"minecraft:sea_lantern":19,"minecraft:bread":7,"mutantmonsters:mutant_enderman_spawn_egg":1,"zombie_more:crawler_zombie_spawn_egg":1,"marbledsarsenal:police_baton":56,"mutantmonsters:mutant_snow_golem_spawn_egg":1,"mutantmonsters:mutant_zombie_spawn_egg":1,"minecraft:stone_axe":9,"minecraft:potion":1,"minecraft:furnace":1,"zombie_more:cursed_zombie_spawn_egg":1,"alexsmobs:spawn_egg_giant_squid":1,"alexsmobs:spawn_egg_tasmanian_devil":1,"alexsmobs:spawn_egg_sugar_glider":1,"immersive_aircraft:biplane":2,"minecraft:splash_potion":32},"minecraft:crafted":{"minecraft:crafting_table":1,"minecraft:wooden_pickaxe":1,"minecraft:furnace":1,"minecraft:stone_axe":1,"minecraft:air":0,"minecraft:jungle_planks":56,"minecraft:charcoal":8,"minecraft:stick":8,"minecraft:torch":20},"minecraft:picked_up":{"minecraft:cocoa_beans":4,"minecraft:seagrass":1,"minecraft:feather":1,"minecraft:chicken":1,"minecraft:jungle_log":14,"minecraft:brown_wool":1,"minecraft:leather":9,"minecraft:gunpowder":1,"minecraft:dirt":13,"zombie_more:acid_drool":1,"minecraft:beef":9,"minecraft:acacia_sapling":2,"minecraft:stick":1,"minecraft:acacia_log":9,"minecraft:porkchop":12,"pointblank:gunmetal_nugget":5,"minecraft:rotten_flesh":12,"alexsmobs:kangaroo_hide":1,"minecraft:gray_wool":1,"minecraft:black_wool":3,"minecraft:mutton":13,"minecraft:coal":15,"minecraft:white_wool":6,"minecraft:cobblestone":23},"minecraft:killed_by":{"minecraft:zombie":1}},"DataVersion":3465}