{"stats":{"minecraft:picked_up":{"minecraft:feather":3,"minecraft:chicken":1,"minecraft:leather":2,"minecraft:porkchop":7,"pointblank:gunmetal_nugget":4,"minecraft:rotten_flesh":4,"minecraft:bone":1,"minecraft:beef":1,"alexsmobs:maggot":2,"minecraft:mutton":9,"minecraft:white_wool":8},"minecraft:custom":{"minecraft:time_since_rest":24920,"minecraft:sprint_one_cm":47115,"minecraft:damage_taken":10,"minecraft:walk_one_cm":77346,"minecraft:mob_kills":53,"minecraft:swim_one_cm":39427,"minecraft:fly_one_cm":421860,"minecraft:crouch_one_cm":843,"minecraft:play_time":24920,"minecraft:sneak_time":266,"minecraft:walk_under_water_one_cm":24625,"minecraft:jump":337,"minecraft:leave_game":1,"minecraft:time_since_death":24920,"minecraft:walk_on_water_one_cm":959,"minecraft:total_world_time":24920,"minecraft:climb_one_cm":74,"minecraft:fall_one_cm":1705},"minecraft:used":{"minecraft:flint_and_steel":1,"minecraft:bread":1,"marbledsarsenal:police_baton":1,"alexsmobs:animal_dictionary":1,"minecraft:obsidian":16},"minecraft:mined":{"projectvibrantjourneys:short_grass":1},"minecraft:killed":{"minecraft:sheep":9,"minecraft:horse":1,"alexsmobs:gelada_monkey":2,"minecraft:zombie":9,"minecraft:pig":7,"minecraft:chicken":1,"alexsmobs:gazelle":3,"alexsmobs:seal":5,"minecraft:drowned":1,"alexsmobs:fly":5,"alexsmobs:crow":1,"minecraft:tropical_fish":1,"alexsmobs:rhinoceros":2,"alexsmobs:kangaroo":3,"minecraft:cow":3}},"DataVersion":3465}