{"stats":{"minecraft:custom":{"minecraft:time_since_rest":4452,"minecraft:interact_with_furnace":2,"minecraft:sprint_one_cm":82098,"minecraft:damage_taken":498,"minecraft:walk_one_cm":87108,"minecraft:mob_kills":32,"minecraft:damage_dealt":1806,"minecraft:talked_to_villager":1,"minecraft:swim_one_cm":8843,"minecraft:interact_with_crafting_table":6,"minecraft:fly_one_cm":243935,"minecraft:open_chest":1,"minecraft:play_time":46923,"minecraft:crouch_one_cm":554,"minecraft:sneak_time":427,"minecraft:deaths":1,"minecraft:walk_under_water_one_cm":9668,"minecraft:damage_dealt_resisted":120,"minecraft:jump":418,"minecraft:interact_with_blast_furnace":1,"minecraft:leave_game":2,"minecraft:time_since_death":4374,"minecraft:walk_on_water_one_cm":10387,"minecraft:total_world_time":46923,"minecraft:climb_one_cm":52,"minecraft:fall_one_cm":11503},"minecraft:mined":{"minecraft:grass":2,"minecraft:acacia_log":9,"minecraft:cocoa":1,"minecraft:grass_block":3,"minecraft:vine":1,"minecraft:coal_ore":15,"projectvibrantjourneys:short_grass":2,"minecraft:jungle_log":14,"minecraft:dirt":10,"minecraft:tall_grass":2,"projectvibrantjourneys:seashells":1,"minecraft:stone":23,"minecraft:white_wool":1},"minecraft:used":{"zombie_more:boomer_zombie_spawn_egg":1,"dweller_dweller:dweller_dweller_spawn_egg":1,"minecraft:bread":7,"zombie_more:crawler_zombie_spawn_egg":1,"minecraft:wooden_pickaxe":42,"marbledsarsenal:police_baton":56,"zombie_more:explosive_zombie_spawn_egg":1,"minecraft:white_wool":1,"minecraft:torch":30,"minecraft:stone_axe":9,"minecraft:dirt":4,"minecraft:crafting_table":1,"zombie_more:cursed_zombie_spawn_egg":1,"minecraft:furnace":1,"zombie_more:tank_zombie_spawn_egg":1},"minecraft:killed":{"minecraft:sheep":9,"minecraft:zombie":5,"minecraft:pig":5,"minecraft:chicken":1,"alexsmobs:fly":1,"minecraft:drowned":3,"minecraft:glow_squid":1,"minecraft:turtle":1,"alexsmobs:kangaroo":1,"minecraft:cow":5},"minecraft:crafted":{"minecraft:charcoal":8,"minecraft:crafting_table":1,"minecraft:stick":8,"minecraft:wooden_pickaxe":1,"minecraft:furnace":1,"minecraft:torch":20,"minecraft:stone_axe":1,"minecraft:air":0,"minecraft:jungle_planks":56},"minecraft:picked_up":{"minecraft:seagrass":1,"minecraft:cocoa_beans":4,"minecraft:stick":1,"minecraft:feather":1,"minecraft:chicken":1,"minecraft:jungle_log":14,"minecraft:leather":9,"minecraft:acacia_log":9,"minecraft:porkchop":12,"pointblank:gunmetal_nugget":1,"minecraft:gunpowder":1,"minecraft:dirt":13,"alexsmobs:kangaroo_hide":1,"minecraft:rotten_flesh":9,"minecraft:beef":9,"minecraft:gray_wool":1,"minecraft:black_wool":3,"minecraft:mutton":12,"minecraft:acacia_sapling":2,"minecraft:coal":15,"minecraft:white_wool":6,"minecraft:cobblestone":23},"minecraft:killed_by":{"minecraft:zombie":1}},"DataVersion":3465}